url,daywithdata
http://cdec.water.ca.gov/reportapp/javareports?name=PAGE6.20161130,11/30/2016
http://cdec.water.ca.gov/reportapp/javareports?name=PAGE6.20161201,12/1/2016
http://cdec.water.ca.gov/reportapp/javareports?name=PAGE6.20161202,12/2/2016
http://cdec.water.ca.gov/reportapp/javareports?name=PAGE6.20161203,12/3/2016
http://cdec.water.ca.gov/reportapp/javareports?name=PAGE6.20161204,12/4/2016
http://cdec.water.ca.gov/reportapp/javareports?name=PAGE6.20161205,12/5/2016
http://cdec.water.ca.gov/reportapp/javareports?name=PAGE6.20161206,12/6/2016
http://cdec.water.ca.gov/reportapp/javareports?name=PAGE6.20161207,12/7/2016
http://cdec.water.ca.gov/reportapp/javareports?name=PAGE6.20161208,12/8/2016
http://cdec.water.ca.gov/reportapp/javareports?name=PAGE6.20161209,12/9/2016
http://cdec.water.ca.gov/reportapp/javareports?name=PAGE6.20161210,12/10/2016
http://cdec.water.ca.gov/reportapp/javareports?name=PAGE6.20161211,12/11/2016
http://cdec.water.ca.gov/reportapp/javareports?name=PAGE6.20161212,12/12/2016
http://cdec.water.ca.gov/reportapp/javareports?name=PAGE6.20161213,12/13/2016
http://cdec.water.ca.gov/reportapp/javareports?name=PAGE6.20161214,12/14/2016
http://cdec.water.ca.gov/reportapp/javareports?name=PAGE6.20161215,12/15/2016
http://cdec.water.ca.gov/reportapp/javareports?name=PAGE6.20161216,12/16/2016
http://cdec.water.ca.gov/reportapp/javareports?name=PAGE6.20161217,12/17/2016
http://cdec.water.ca.gov/reportapp/javareports?name=PAGE6.20161218,12/18/2016
http://cdec.water.ca.gov/reportapp/javareports?name=PAGE6.20161219,12/19/2016
http://cdec.water.ca.gov/reportapp/javareports?name=PAGE6.20161220,12/20/2016
http://cdec.water.ca.gov/reportapp/javareports?name=PAGE6.20161221,12/21/2016
http://cdec.water.ca.gov/reportapp/javareports?name=PAGE6.20161222,12/22/2016
http://cdec.water.ca.gov/reportapp/javareports?name=PAGE6.20161223,12/23/2016
http://cdec.water.ca.gov/reportapp/javareports?name=PAGE6.20161224,12/24/2016
http://cdec.water.ca.gov/reportapp/javareports?name=PAGE6.20161225,12/25/2016
http://cdec.water.ca.gov/reportapp/javareports?name=PAGE6.20161226,12/26/2016
http://cdec.water.ca.gov/reportapp/javareports?name=PAGE6.20161227,12/27/2016
http://cdec.water.ca.gov/reportapp/javareports?name=PAGE6.20161228,12/28/2016
http://cdec.water.ca.gov/reportapp/javareports?name=PAGE6.20161229,12/29/2016
http://cdec.water.ca.gov/reportapp/javareports?name=PAGE6.20161230,12/30/2016
http://cdec.water.ca.gov/reportapp/javareports?name=PAGE6.20161231,12/31/2016
http://cdec.water.ca.gov/reportapp/javareports?name=PAGE6.20170101,1/1/2017
http://cdec.water.ca.gov/reportapp/javareports?name=PAGE6.20170102,1/2/2017
http://cdec.water.ca.gov/reportapp/javareports?name=PAGE6.20170103,1/3/2017
http://cdec.water.ca.gov/reportapp/javareports?name=PAGE6.20170104,1/4/2017
http://cdec.water.ca.gov/reportapp/javareports?name=PAGE6.20170105,1/5/2017
http://cdec.water.ca.gov/reportapp/javareports?name=PAGE6.20170106,1/6/2017
http://cdec.water.ca.gov/reportapp/javareports?name=PAGE6.20170107,1/7/2017
http://cdec.water.ca.gov/reportapp/javareports?name=PAGE6.20170108,1/8/2017
http://cdec.water.ca.gov/reportapp/javareports?name=PAGE6.20170109,1/9/2017
http://cdec.water.ca.gov/reportapp/javareports?name=PAGE6.20170110,1/10/2017
http://cdec.water.ca.gov/reportapp/javareports?name=PAGE6.20170111,1/11/2017
http://cdec.water.ca.gov/reportapp/javareports?name=PAGE6.20170112,1/12/2017
http://cdec.water.ca.gov/reportapp/javareports?name=PAGE6.20170113,1/13/2017
http://cdec.water.ca.gov/reportapp/javareports?name=PAGE6.20170114,1/14/2017
http://cdec.water.ca.gov/reportapp/javareports?name=PAGE6.20170115,1/15/2017
http://cdec.water.ca.gov/reportapp/javareports?name=PAGE6.20170116,1/16/2017
http://cdec.water.ca.gov/reportapp/javareports?name=PAGE6.20170117,1/17/2017
http://cdec.water.ca.gov/reportapp/javareports?name=PAGE6.20170118,1/18/2017
http://cdec.water.ca.gov/reportapp/javareports?name=PAGE6.20170119,1/19/2017
http://cdec.water.ca.gov/reportapp/javareports?name=PAGE6.20170120,1/20/2017
http://cdec.water.ca.gov/reportapp/javareports?name=PAGE6.20170121,1/21/2017
http://cdec.water.ca.gov/reportapp/javareports?name=PAGE6.20170122,1/22/2017
http://cdec.water.ca.gov/reportapp/javareports?name=PAGE6.20170123,1/23/2017
http://cdec.water.ca.gov/reportapp/javareports?name=PAGE6.20170124,1/24/2017
http://cdec.water.ca.gov/reportapp/javareports?name=PAGE6.20170125,1/25/2017
http://cdec.water.ca.gov/reportapp/javareports?name=PAGE6.20170126,1/26/2017
http://cdec.water.ca.gov/reportapp/javareports?name=PAGE6.20170127,1/27/2017
http://cdec.water.ca.gov/reportapp/javareports?name=PAGE6.20170128,1/28/2017
http://cdec.water.ca.gov/reportapp/javareports?name=PAGE6.20170129,1/29/2017
http://cdec.water.ca.gov/reportapp/javareports?name=PAGE6.20170130,1/30/2017
http://cdec.water.ca.gov/reportapp/javareports?name=PAGE6.20170131,1/31/2017
http://cdec.water.ca.gov/reportapp/javareports?name=PAGE6.20170201,2/1/2017
http://cdec.water.ca.gov/reportapp/javareports?name=PAGE6.20170202,2/2/2017
http://cdec.water.ca.gov/reportapp/javareports?name=PAGE6.20170203,2/3/2017
http://cdec.water.ca.gov/reportapp/javareports?name=PAGE6.20170204,2/4/2017
http://cdec.water.ca.gov/reportapp/javareports?name=PAGE6.20170205,2/5/2017
http://cdec.water.ca.gov/reportapp/javareports?name=PAGE6.20170206,2/6/2017
http://cdec.water.ca.gov/reportapp/javareports?name=PAGE6.20170207,2/7/2017
http://cdec.water.ca.gov/reportapp/javareports?name=PAGE6.20170208,2/8/2017
http://cdec.water.ca.gov/reportapp/javareports?name=PAGE6.20170209,2/9/2017
http://cdec.water.ca.gov/reportapp/javareports?name=PAGE6.20170210,2/10/2017
http://cdec.water.ca.gov/reportapp/javareports?name=PAGE6.20170211,2/11/2017
http://cdec.water.ca.gov/reportapp/javareports?name=PAGE6.20170212,2/12/2017
http://cdec.water.ca.gov/reportapp/javareports?name=PAGE6.20170213,2/13/2017
http://cdec.water.ca.gov/reportapp/javareports?name=PAGE6.20170214,2/14/2017
http://cdec.water.ca.gov/reportapp/javareports?name=PAGE6.20170215,2/15/2017
http://cdec.water.ca.gov/reportapp/javareports?name=PAGE6.20170216,2/16/2017
http://cdec.water.ca.gov/reportapp/javareports?name=PAGE6.20170217,2/17/2017
http://cdec.water.ca.gov/reportapp/javareports?name=PAGE6.20170218,2/18/2017
http://cdec.water.ca.gov/reportapp/javareports?name=PAGE6.20170219,2/19/2017
http://cdec.water.ca.gov/reportapp/javareports?name=PAGE6.20170220,2/20/2017
http://cdec.water.ca.gov/reportapp/javareports?name=PAGE6.20170221,2/21/2017
http://cdec.water.ca.gov/reportapp/javareports?name=PAGE6.20170222,2/22/2017
http://cdec.water.ca.gov/reportapp/javareports?name=PAGE6.20170223,2/23/2017
http://cdec.water.ca.gov/reportapp/javareports?name=PAGE6.20170224,2/24/2017
http://cdec.water.ca.gov/reportapp/javareports?name=PAGE6.20170225,2/25/2017
http://cdec.water.ca.gov/reportapp/javareports?name=PAGE6.20170226,2/26/2017
http://cdec.water.ca.gov/reportapp/javareports?name=PAGE6.20170227,2/27/2017
http://cdec.water.ca.gov/reportapp/javareports?name=PAGE6.20170228,2/28/2017
http://cdec.water.ca.gov/reportapp/javareports?name=PAGE6.20170301,3/1/2017
http://cdec.water.ca.gov/reportapp/javareports?name=PAGE6.20170302,3/2/2017
http://cdec.water.ca.gov/reportapp/javareports?name=PAGE6.20170303,3/3/2017
http://cdec.water.ca.gov/reportapp/javareports?name=PAGE6.20170304,3/4/2017
http://cdec.water.ca.gov/reportapp/javareports?name=PAGE6.20170305,3/5/2017
http://cdec.water.ca.gov/reportapp/javareports?name=PAGE6.20170306,3/6/2017
http://cdec.water.ca.gov/reportapp/javareports?name=PAGE6.20170307,3/7/2017
http://cdec.water.ca.gov/reportapp/javareports?name=PAGE6.20170308,3/8/2017
http://cdec.water.ca.gov/reportapp/javareports?name=PAGE6.20170309,3/9/2017
http://cdec.water.ca.gov/reportapp/javareports?name=PAGE6.20170310,3/10/2017
http://cdec.water.ca.gov/reportapp/javareports?name=PAGE6.20170311,3/11/2017
http://cdec.water.ca.gov/reportapp/javareports?name=PAGE6.20170312,3/12/2017
http://cdec.water.ca.gov/reportapp/javareports?name=PAGE6.20170313,3/13/2017
http://cdec.water.ca.gov/reportapp/javareports?name=PAGE6.20170314,3/14/2017
http://cdec.water.ca.gov/reportapp/javareports?name=PAGE6.20170315,3/15/2017
http://cdec.water.ca.gov/reportapp/javareports?name=PAGE6.20170316,3/16/2017
http://cdec.water.ca.gov/reportapp/javareports?name=PAGE6.20170317,3/17/2017
http://cdec.water.ca.gov/reportapp/javareports?name=PAGE6.20170318,3/18/2017
http://cdec.water.ca.gov/reportapp/javareports?name=PAGE6.20170319,3/19/2017
http://cdec.water.ca.gov/reportapp/javareports?name=PAGE6.20170320,3/20/2017
http://cdec.water.ca.gov/reportapp/javareports?name=PAGE6.20170321,3/21/2017
http://cdec.water.ca.gov/reportapp/javareports?name=PAGE6.20170322,3/22/2017
http://cdec.water.ca.gov/reportapp/javareports?name=PAGE6.20170323,3/23/2017
http://cdec.water.ca.gov/reportapp/javareports?name=PAGE6.20170324,3/24/2017
http://cdec.water.ca.gov/reportapp/javareports?name=PAGE6.20170325,3/25/2017
http://cdec.water.ca.gov/reportapp/javareports?name=PAGE6.20170326,3/26/2017
http://cdec.water.ca.gov/reportapp/javareports?name=PAGE6.20170327,3/27/2017
http://cdec.water.ca.gov/reportapp/javareports?name=PAGE6.20170328,3/28/2017
http://cdec.water.ca.gov/reportapp/javareports?name=PAGE6.20170329,3/29/2017
http://cdec.water.ca.gov/reportapp/javareports?name=PAGE6.20170330,3/30/2017
http://cdec.water.ca.gov/reportapp/javareports?name=PAGE6.20170331,3/31/2017
http://cdec.water.ca.gov/reportapp/javareports?name=PAGE6.20170401,4/1/2017
http://cdec.water.ca.gov/reportapp/javareports?name=PAGE6.20170402,4/2/2017
http://cdec.water.ca.gov/reportapp/javareports?name=PAGE6.20170403,4/3/2017
http://cdec.water.ca.gov/reportapp/javareports?name=PAGE6.20170404,4/4/2017
http://cdec.water.ca.gov/reportapp/javareports?name=PAGE6.20170405,4/5/2017
http://cdec.water.ca.gov/reportapp/javareports?name=PAGE6.20170406,4/6/2017
http://cdec.water.ca.gov/reportapp/javareports?name=PAGE6.20170407,4/7/2017
http://cdec.water.ca.gov/reportapp/javareports?name=PAGE6.20170408,4/8/2017
http://cdec.water.ca.gov/reportapp/javareports?name=PAGE6.20170409,4/9/2017
http://cdec.water.ca.gov/reportapp/javareports?name=PAGE6.20170410,4/10/2017
http://cdec.water.ca.gov/reportapp/javareports?name=PAGE6.20170411,4/11/2017
http://cdec.water.ca.gov/reportapp/javareports?name=PAGE6.20170412,4/12/2017
http://cdec.water.ca.gov/reportapp/javareports?name=PAGE6.20170413,4/13/2017
http://cdec.water.ca.gov/reportapp/javareports?name=PAGE6.20170414,4/14/2017
http://cdec.water.ca.gov/reportapp/javareports?name=PAGE6.20170415,4/15/2017
http://cdec.water.ca.gov/reportapp/javareports?name=PAGE6.20170416,4/16/2017
http://cdec.water.ca.gov/reportapp/javareports?name=PAGE6.20170417,4/17/2017
http://cdec.water.ca.gov/reportapp/javareports?name=PAGE6.20170418,4/18/2017
http://cdec.water.ca.gov/reportapp/javareports?name=PAGE6.20170419,4/19/2017
http://cdec.water.ca.gov/reportapp/javareports?name=PAGE6.20170420,4/20/2017
http://cdec.water.ca.gov/reportapp/javareports?name=PAGE6.20170421,4/21/2017
http://cdec.water.ca.gov/reportapp/javareports?name=PAGE6.20170422,4/22/2017
http://cdec.water.ca.gov/reportapp/javareports?name=PAGE6.20170423,4/23/2017
http://cdec.water.ca.gov/reportapp/javareports?name=PAGE6.20170424,4/24/2017
http://cdec.water.ca.gov/reportapp/javareports?name=PAGE6.20170425,4/25/2017
http://cdec.water.ca.gov/reportapp/javareports?name=PAGE6.20170426,4/26/2017
http://cdec.water.ca.gov/reportapp/javareports?name=PAGE6.20170427,4/27/2017
http://cdec.water.ca.gov/reportapp/javareports?name=PAGE6.20170428,4/28/2017
http://cdec.water.ca.gov/reportapp/javareports?name=PAGE6.20170429,4/29/2017
http://cdec.water.ca.gov/reportapp/javareports?name=PAGE6.20170430,4/30/2017
http://cdec.water.ca.gov/reportapp/javareports?name=PAGE6.20170501,5/1/2017
http://cdec.water.ca.gov/reportapp/javareports?name=PAGE6.20170502,5/2/2017
http://cdec.water.ca.gov/reportapp/javareports?name=PAGE6.20170503,5/3/2017
http://cdec.water.ca.gov/reportapp/javareports?name=PAGE6.20170504,5/4/2017
http://cdec.water.ca.gov/reportapp/javareports?name=PAGE6.20170505,5/5/2017
http://cdec.water.ca.gov/reportapp/javareports?name=PAGE6.20170506,5/6/2017
http://cdec.water.ca.gov/reportapp/javareports?name=PAGE6.20170507,5/7/2017
http://cdec.water.ca.gov/reportapp/javareports?name=PAGE6.20170508,5/8/2017
http://cdec.water.ca.gov/reportapp/javareports?name=PAGE6.20170509,5/9/2017
http://cdec.water.ca.gov/reportapp/javareports?name=PAGE6.20170510,5/10/2017
http://cdec.water.ca.gov/reportapp/javareports?name=PAGE6.20170511,5/11/2017
http://cdec.water.ca.gov/reportapp/javareports?name=PAGE6.20170512,5/12/2017
http://cdec.water.ca.gov/reportapp/javareports?name=PAGE6.20170513,5/13/2017
http://cdec.water.ca.gov/reportapp/javareports?name=PAGE6.20170514,5/14/2017
http://cdec.water.ca.gov/reportapp/javareports?name=PAGE6.20170515,5/15/2017
http://cdec.water.ca.gov/reportapp/javareports?name=PAGE6.20170516,5/16/2017
http://cdec.water.ca.gov/reportapp/javareports?name=PAGE6.20170517,5/17/2017
http://cdec.water.ca.gov/reportapp/javareports?name=PAGE6.20170518,5/18/2017
http://cdec.water.ca.gov/reportapp/javareports?name=PAGE6.20170519,5/19/2017
http://cdec.water.ca.gov/reportapp/javareports?name=PAGE6.20170520,5/20/2017
http://cdec.water.ca.gov/reportapp/javareports?name=PAGE6.20170521,5/21/2017
http://cdec.water.ca.gov/reportapp/javareports?name=PAGE6.20170522,5/22/2017
http://cdec.water.ca.gov/reportapp/javareports?name=PAGE6.20170523,5/23/2017
http://cdec.water.ca.gov/reportapp/javareports?name=PAGE6.20170524,5/24/2017
http://cdec.water.ca.gov/reportapp/javareports?name=PAGE6.20170525,5/25/2017
http://cdec.water.ca.gov/reportapp/javareports?name=PAGE6.20170526,5/26/2017
http://cdec.water.ca.gov/reportapp/javareports?name=PAGE6.20170527,5/27/2017
http://cdec.water.ca.gov/reportapp/javareports?name=PAGE6.20170528,5/28/2017
http://cdec.water.ca.gov/reportapp/javareports?name=PAGE6.20170529,5/29/2017
http://cdec.water.ca.gov/reportapp/javareports?name=PAGE6.20170530,5/30/2017
http://cdec.water.ca.gov/reportapp/javareports?name=PAGE6.20170531,5/31/2017
http://cdec.water.ca.gov/reportapp/javareports?name=PAGE6.20170601,6/1/2017
http://cdec.water.ca.gov/reportapp/javareports?name=PAGE6.20170602,6/2/2017
http://cdec.water.ca.gov/reportapp/javareports?name=PAGE6.20170603,6/3/2017
http://cdec.water.ca.gov/reportapp/javareports?name=PAGE6.20170604,6/4/2017
http://cdec.water.ca.gov/reportapp/javareports?name=PAGE6.20170605,6/5/2017
http://cdec.water.ca.gov/reportapp/javareports?name=PAGE6.20170606,6/6/2017
http://cdec.water.ca.gov/reportapp/javareports?name=PAGE6.20170607,6/7/2017
http://cdec.water.ca.gov/reportapp/javareports?name=PAGE6.20170608,6/8/2017
http://cdec.water.ca.gov/reportapp/javareports?name=PAGE6.20170609,6/9/2017
http://cdec.water.ca.gov/reportapp/javareports?name=PAGE6.20170610,6/10/2017
http://cdec.water.ca.gov/reportapp/javareports?name=PAGE6.20170611,6/11/2017
http://cdec.water.ca.gov/reportapp/javareports?name=PAGE6.20170612,6/12/2017
http://cdec.water.ca.gov/reportapp/javareports?name=PAGE6.20170613,6/13/2017
http://cdec.water.ca.gov/reportapp/javareports?name=PAGE6.20170614,6/14/2017
http://cdec.water.ca.gov/reportapp/javareports?name=PAGE6.20170615,6/15/2017
http://cdec.water.ca.gov/reportapp/javareports?name=PAGE6.20170616,6/16/2017
http://cdec.water.ca.gov/reportapp/javareports?name=PAGE6.20170617,6/17/2017
http://cdec.water.ca.gov/reportapp/javareports?name=PAGE6.20170618,6/18/2017
http://cdec.water.ca.gov/reportapp/javareports?name=PAGE6.20170619,6/19/2017
http://cdec.water.ca.gov/reportapp/javareports?name=PAGE6.20170620,6/20/2017
http://cdec.water.ca.gov/reportapp/javareports?name=PAGE6.20170621,6/21/2017
http://cdec.water.ca.gov/reportapp/javareports?name=PAGE6.20170622,6/22/2017
http://cdec.water.ca.gov/reportapp/javareports?name=PAGE6.20170623,6/23/2017
http://cdec.water.ca.gov/reportapp/javareports?name=PAGE6.20170624,6/24/2017
http://cdec.water.ca.gov/reportapp/javareports?name=PAGE6.20170625,6/25/2017
http://cdec.water.ca.gov/reportapp/javareports?name=PAGE6.20170626,6/26/2017
http://cdec.water.ca.gov/reportapp/javareports?name=PAGE6.20170627,6/27/2017
http://cdec.water.ca.gov/reportapp/javareports?name=PAGE6.20170628,6/28/2017
http://cdec.water.ca.gov/reportapp/javareports?name=PAGE6.20170629,6/29/2017
http://cdec.water.ca.gov/reportapp/javareports?name=PAGE6.20170630,6/30/2017
http://cdec.water.ca.gov/reportapp/javareports?name=PAGE6.20170701,7/1/2017
http://cdec.water.ca.gov/reportapp/javareports?name=PAGE6.20170702,7/2/2017
http://cdec.water.ca.gov/reportapp/javareports?name=PAGE6.20170703,7/3/2017
http://cdec.water.ca.gov/reportapp/javareports?name=PAGE6.20170704,7/4/2017
http://cdec.water.ca.gov/reportapp/javareports?name=PAGE6.20170705,7/5/2017
http://cdec.water.ca.gov/reportapp/javareports?name=PAGE6.20170706,7/6/2017
http://cdec.water.ca.gov/reportapp/javareports?name=PAGE6.20170707,7/7/2017
http://cdec.water.ca.gov/reportapp/javareports?name=PAGE6.20170708,7/8/2017
http://cdec.water.ca.gov/reportapp/javareports?name=PAGE6.20170709,7/9/2017
http://cdec.water.ca.gov/reportapp/javareports?name=PAGE6.20170710,7/10/2017
http://cdec.water.ca.gov/reportapp/javareports?name=PAGE6.20170711,7/11/2017
http://cdec.water.ca.gov/reportapp/javareports?name=PAGE6.20170712,7/12/2017
http://cdec.water.ca.gov/reportapp/javareports?name=PAGE6.20170713,7/13/2017
http://cdec.water.ca.gov/reportapp/javareports?name=PAGE6.20170714,7/14/2017
http://cdec.water.ca.gov/reportapp/javareports?name=PAGE6.20170715,7/15/2017
http://cdec.water.ca.gov/reportapp/javareports?name=PAGE6.20170716,7/16/2017
http://cdec.water.ca.gov/reportapp/javareports?name=PAGE6.20170717,7/17/2017
http://cdec.water.ca.gov/reportapp/javareports?name=PAGE6.20170718,7/18/2017
http://cdec.water.ca.gov/reportapp/javareports?name=PAGE6.20170719,7/19/2017
http://cdec.water.ca.gov/reportapp/javareports?name=PAGE6.20170720,7/20/2017
http://cdec.water.ca.gov/reportapp/javareports?name=PAGE6.20171001,10/1/2017
http://cdec.water.ca.gov/reportapp/javareports?name=PAGE6.20171002,10/2/2017
http://cdec.water.ca.gov/reportapp/javareports?name=PAGE6.20171003,10/3/2017
http://cdec.water.ca.gov/reportapp/javareports?name=PAGE6.20171004,10/4/2017
http://cdec.water.ca.gov/reportapp/javareports?name=PAGE6.20171005,10/5/2017
http://cdec.water.ca.gov/reportapp/javareports?name=PAGE6.20171006,10/6/2017
http://cdec.water.ca.gov/reportapp/javareports?name=PAGE6.20171007,10/7/2017
http://cdec.water.ca.gov/reportapp/javareports?name=PAGE6.20171008,10/8/2017
http://cdec.water.ca.gov/reportapp/javareports?name=PAGE6.20171009,10/9/2017
http://cdec.water.ca.gov/reportapp/javareports?name=PAGE6.20171010,10/10/2017
http://cdec.water.ca.gov/reportapp/javareports?name=PAGE6.20171011,10/11/2017
http://cdec.water.ca.gov/reportapp/javareports?name=PAGE6.20171012,10/12/2017
http://cdec.water.ca.gov/reportapp/javareports?name=PAGE6.20171013,10/13/2017
http://cdec.water.ca.gov/reportapp/javareports?name=PAGE6.20171014,10/14/2017
http://cdec.water.ca.gov/reportapp/javareports?name=PAGE6.20171015,10/15/2017
http://cdec.water.ca.gov/reportapp/javareports?name=PAGE6.20171016,10/16/2017
http://cdec.water.ca.gov/reportapp/javareports?name=PAGE6.20171017,10/17/2017
http://cdec.water.ca.gov/reportapp/javareports?name=PAGE6.20171018,10/18/2017
http://cdec.water.ca.gov/reportapp/javareports?name=PAGE6.20171019,10/19/2017
http://cdec.water.ca.gov/reportapp/javareports?name=PAGE6.20171020,10/20/2017
http://cdec.water.ca.gov/reportapp/javareports?name=PAGE6.20171021,10/21/2017
http://cdec.water.ca.gov/reportapp/javareports?name=PAGE6.20171022,10/22/2017
http://cdec.water.ca.gov/reportapp/javareports?name=PAGE6.20171023,10/23/2017
http://cdec.water.ca.gov/reportapp/javareports?name=PAGE6.20171024,10/24/2017
http://cdec.water.ca.gov/reportapp/javareports?name=PAGE6.20171025,10/25/2017
http://cdec.water.ca.gov/reportapp/javareports?name=PAGE6.20171026,10/26/2017
http://cdec.water.ca.gov/reportapp/javareports?name=PAGE6.20171027,10/27/2017
http://cdec.water.ca.gov/reportapp/javareports?name=PAGE6.20171028,10/28/2017
http://cdec.water.ca.gov/reportapp/javareports?name=PAGE6.20171029,10/29/2017
http://cdec.water.ca.gov/reportapp/javareports?name=PAGE6.20171030,10/30/2017
http://cdec.water.ca.gov/reportapp/javareports?name=PAGE6.20171031,10/31/2017
http://cdec.water.ca.gov/reportapp/javareports?name=PAGE6.20171101,11/1/2017
http://cdec.water.ca.gov/reportapp/javareports?name=PAGE6.20171102,11/2/2017
http://cdec.water.ca.gov/reportapp/javareports?name=PAGE6.20171103,11/3/2017
http://cdec.water.ca.gov/reportapp/javareports?name=PAGE6.20171104,11/4/2017
http://cdec.water.ca.gov/reportapp/javareports?name=PAGE6.20171105,11/5/2017
http://cdec.water.ca.gov/reportapp/javareports?name=PAGE6.20171106,11/6/2017
http://cdec.water.ca.gov/reportapp/javareports?name=PAGE6.20171107,11/7/2017
http://cdec.water.ca.gov/reportapp/javareports?name=PAGE6.20171108,11/8/2017
http://cdec.water.ca.gov/reportapp/javareports?name=PAGE6.20171109,11/9/2017
http://cdec.water.ca.gov/reportapp/javareports?name=PAGE6.20171110,11/10/2017
http://cdec.water.ca.gov/reportapp/javareports?name=PAGE6.20171111,11/11/2017
http://cdec.water.ca.gov/reportapp/javareports?name=PAGE6.20171112,11/12/2017
http://cdec.water.ca.gov/reportapp/javareports?name=PAGE6.20171113,11/13/2017
http://cdec.water.ca.gov/reportapp/javareports?name=PAGE6.20171114,11/14/2017
http://cdec.water.ca.gov/reportapp/javareports?name=PAGE6.20171115,11/15/2017
http://cdec.water.ca.gov/reportapp/javareports?name=PAGE6.20171116,11/16/2017
http://cdec.water.ca.gov/reportapp/javareports?name=PAGE6.20171117,11/17/2017
http://cdec.water.ca.gov/reportapp/javareports?name=PAGE6.20171118,11/18/2017
http://cdec.water.ca.gov/reportapp/javareports?name=PAGE6.20171119,11/19/2017
http://cdec.water.ca.gov/reportapp/javareports?name=PAGE6.20171120,11/20/2017
http://cdec.water.ca.gov/reportapp/javareports?name=PAGE6.20171121,11/21/2017
http://cdec.water.ca.gov/reportapp/javareports?name=PAGE6.20171122,11/22/2017
http://cdec.water.ca.gov/reportapp/javareports?name=PAGE6.20171123,11/23/2017
http://cdec.water.ca.gov/reportapp/javareports?name=PAGE6.20171124,11/24/2017
http://cdec.water.ca.gov/reportapp/javareports?name=PAGE6.20171125,11/25/2017
http://cdec.water.ca.gov/reportapp/javareports?name=PAGE6.20171126,11/26/2017
http://cdec.water.ca.gov/reportapp/javareports?name=PAGE6.20171127,11/27/2017
http://cdec.water.ca.gov/reportapp/javareports?name=PAGE6.20171128,11/28/2017
http://cdec.water.ca.gov/reportapp/javareports?name=PAGE6.20171129,11/29/2017
http://cdec.water.ca.gov/reportapp/javareports?name=PAGE6.20171130,11/30/2017
http://cdec.water.ca.gov/reportapp/javareports?name=PAGE6.20171201,12/1/2017
http://cdec.water.ca.gov/reportapp/javareports?name=PAGE6.20171202,12/2/2017
http://cdec.water.ca.gov/reportapp/javareports?name=PAGE6.20171203,12/3/2017
http://cdec.water.ca.gov/reportapp/javareports?name=PAGE6.20171204,12/4/2017
http://cdec.water.ca.gov/reportapp/javareports?name=PAGE6.20171205,12/5/2017
http://cdec.water.ca.gov/reportapp/javareports?name=PAGE6.20171206,12/6/2017
http://cdec.water.ca.gov/reportapp/javareports?name=PAGE6.20171207,12/7/2017
http://cdec.water.ca.gov/reportapp/javareports?name=PAGE6.20171208,12/8/2017
http://cdec.water.ca.gov/reportapp/javareports?name=PAGE6.20171209,12/9/2017
http://cdec.water.ca.gov/reportapp/javareports?name=PAGE6.20171210,12/10/2017
http://cdec.water.ca.gov/reportapp/javareports?name=PAGE6.20171211,12/11/2017
http://cdec.water.ca.gov/reportapp/javareports?name=PAGE6.20171212,12/12/2017
http://cdec.water.ca.gov/reportapp/javareports?name=PAGE6.20171213,12/13/2017
http://cdec.water.ca.gov/reportapp/javareports?name=PAGE6.20171214,12/14/2017
http://cdec.water.ca.gov/reportapp/javareports?name=PAGE6.20171215,12/15/2017
http://cdec.water.ca.gov/reportapp/javareports?name=PAGE6.20171216,12/16/2017
http://cdec.water.ca.gov/reportapp/javareports?name=PAGE6.20171217,12/17/2017
http://cdec.water.ca.gov/reportapp/javareports?name=PAGE6.20171218,12/18/2017
http://cdec.water.ca.gov/reportapp/javareports?name=PAGE6.20171219,12/19/2017
http://cdec.water.ca.gov/reportapp/javareports?name=PAGE6.20171220,12/20/2017
http://cdec.water.ca.gov/reportapp/javareports?name=PAGE6.20171221,12/21/2017
http://cdec.water.ca.gov/reportapp/javareports?name=PAGE6.20171222,12/22/2017
http://cdec.water.ca.gov/reportapp/javareports?name=PAGE6.20171223,12/23/2017
http://cdec.water.ca.gov/reportapp/javareports?name=PAGE6.20171224,12/24/2017
http://cdec.water.ca.gov/reportapp/javareports?name=PAGE6.20171225,12/25/2017
http://cdec.water.ca.gov/reportapp/javareports?name=PAGE6.20171226,12/26/2017
http://cdec.water.ca.gov/reportapp/javareports?name=PAGE6.20171227,12/27/2017
http://cdec.water.ca.gov/reportapp/javareports?name=PAGE6.20171228,12/28/2017
http://cdec.water.ca.gov/reportapp/javareports?name=PAGE6.20171229,12/29/2017
http://cdec.water.ca.gov/reportapp/javareports?name=PAGE6.20171230,12/30/2017
http://cdec.water.ca.gov/reportapp/javareports?name=PAGE6.20171231,12/31/2017
http://cdec.water.ca.gov/reportapp/javareports?name=PAGE6.20180101,1/1/2018
http://cdec.water.ca.gov/reportapp/javareports?name=PAGE6.20180102,1/2/2018
http://cdec.water.ca.gov/reportapp/javareports?name=PAGE6.20180103,1/3/2018
http://cdec.water.ca.gov/reportapp/javareports?name=PAGE6.20180104,1/4/2018
http://cdec.water.ca.gov/reportapp/javareports?name=PAGE6.20180105,1/5/2018
http://cdec.water.ca.gov/reportapp/javareports?name=PAGE6.20180106,1/6/2018
http://cdec.water.ca.gov/reportapp/javareports?name=PAGE6.20180107,1/7/2018
http://cdec.water.ca.gov/reportapp/javareports?name=PAGE6.20180108,1/8/2018
http://cdec.water.ca.gov/reportapp/javareports?name=PAGE6.20180109,1/9/2018
http://cdec.water.ca.gov/reportapp/javareports?name=PAGE6.20180110,1/10/2018
http://cdec.water.ca.gov/reportapp/javareports?name=PAGE6.20180111,1/11/2018
http://cdec.water.ca.gov/reportapp/javareports?name=PAGE6.20180112,1/12/2018
http://cdec.water.ca.gov/reportapp/javareports?name=PAGE6.20180113,1/13/2018
http://cdec.water.ca.gov/reportapp/javareports?name=PAGE6.20180114,1/14/2018
http://cdec.water.ca.gov/reportapp/javareports?name=PAGE6.20180115,1/15/2018
http://cdec.water.ca.gov/reportapp/javareports?name=PAGE6.20180116,1/16/2018
http://cdec.water.ca.gov/reportapp/javareports?name=PAGE6.20180117,1/17/2018
http://cdec.water.ca.gov/reportapp/javareports?name=PAGE6.20180118,1/18/2018
http://cdec.water.ca.gov/reportapp/javareports?name=PAGE6.20180119,1/19/2018
http://cdec.water.ca.gov/reportapp/javareports?name=PAGE6.20180120,1/20/2018
http://cdec.water.ca.gov/reportapp/javareports?name=PAGE6.20180121,1/21/2018
http://cdec.water.ca.gov/reportapp/javareports?name=PAGE6.20180122,1/22/2018
http://cdec.water.ca.gov/reportapp/javareports?name=PAGE6.20180123,1/23/2018
http://cdec.water.ca.gov/reportapp/javareports?name=PAGE6.20180124,1/24/2018
http://cdec.water.ca.gov/reportapp/javareports?name=PAGE6.20180125,1/25/2018
http://cdec.water.ca.gov/reportapp/javareports?name=PAGE6.20180126,1/26/2018
http://cdec.water.ca.gov/reportapp/javareports?name=PAGE6.20180127,1/27/2018
http://cdec.water.ca.gov/reportapp/javareports?name=PAGE6.20180128,1/28/2018
http://cdec.water.ca.gov/reportapp/javareports?name=PAGE6.20180129,1/29/2018
http://cdec.water.ca.gov/reportapp/javareports?name=PAGE6.20180130,1/30/2018
http://cdec.water.ca.gov/reportapp/javareports?name=PAGE6.20180131,1/31/2018
http://cdec.water.ca.gov/reportapp/javareports?name=PAGE6.20180201,2/1/2018
http://cdec.water.ca.gov/reportapp/javareports?name=PAGE6.20180202,2/2/2018
http://cdec.water.ca.gov/reportapp/javareports?name=PAGE6.20180203,2/3/2018
http://cdec.water.ca.gov/reportapp/javareports?name=PAGE6.20180204,2/4/2018
http://cdec.water.ca.gov/reportapp/javareports?name=PAGE6.20180205,2/5/2018
http://cdec.water.ca.gov/reportapp/javareports?name=PAGE6.20180206,2/6/2018
http://cdec.water.ca.gov/reportapp/javareports?name=PAGE6.20180207,2/7/2018
http://cdec.water.ca.gov/reportapp/javareports?name=PAGE6.20180208,2/8/2018
http://cdec.water.ca.gov/reportapp/javareports?name=PAGE6.20180209,2/9/2018
http://cdec.water.ca.gov/reportapp/javareports?name=PAGE6.20180210,2/10/2018
http://cdec.water.ca.gov/reportapp/javareports?name=PAGE6.20180211,2/11/2018
http://cdec.water.ca.gov/reportapp/javareports?name=PAGE6.20180212,2/12/2018
http://cdec.water.ca.gov/reportapp/javareports?name=PAGE6.20180213,2/13/2018
http://cdec.water.ca.gov/reportapp/javareports?name=PAGE6.20180214,2/14/2018
http://cdec.water.ca.gov/reportapp/javareports?name=PAGE6.20180215,2/15/2018
http://cdec.water.ca.gov/reportapp/javareports?name=PAGE6.20180216,2/16/2018
http://cdec.water.ca.gov/reportapp/javareports?name=PAGE6.20180217,2/17/2018
http://cdec.water.ca.gov/reportapp/javareports?name=PAGE6.20180218,2/18/2018
http://cdec.water.ca.gov/reportapp/javareports?name=PAGE6.20180219,2/19/2018
http://cdec.water.ca.gov/reportapp/javareports?name=PAGE6.20180220,2/20/2018
http://cdec.water.ca.gov/reportapp/javareports?name=PAGE6.20180221,2/21/2018
http://cdec.water.ca.gov/reportapp/javareports?name=PAGE6.20180222,2/22/2018
http://cdec.water.ca.gov/reportapp/javareports?name=PAGE6.20180223,2/23/2018
http://cdec.water.ca.gov/reportapp/javareports?name=PAGE6.20180224,2/24/2018
http://cdec.water.ca.gov/reportapp/javareports?name=PAGE6.20180225,2/25/2018
http://cdec.water.ca.gov/reportapp/javareports?name=PAGE6.20180226,2/26/2018
http://cdec.water.ca.gov/reportapp/javareports?name=PAGE6.20180227,2/27/2018
http://cdec.water.ca.gov/reportapp/javareports?name=PAGE6.20180228,2/28/2018
http://cdec.water.ca.gov/reportapp/javareports?name=PAGE6.20180301,3/1/2018
http://cdec.water.ca.gov/reportapp/javareports?name=PAGE6.20180302,3/2/2018
http://cdec.water.ca.gov/reportapp/javareports?name=PAGE6.20180303,3/3/2018
http://cdec.water.ca.gov/reportapp/javareports?name=PAGE6.20180304,3/4/2018
http://cdec.water.ca.gov/reportapp/javareports?name=PAGE6.20180305,3/5/2018
http://cdec.water.ca.gov/reportapp/javareports?name=PAGE6.20180306,3/6/2018
http://cdec.water.ca.gov/reportapp/javareports?name=PAGE6.20180307,3/7/2018
http://cdec.water.ca.gov/reportapp/javareports?name=PAGE6.20180308,3/8/2018
http://cdec.water.ca.gov/reportapp/javareports?name=PAGE6.20180309,3/9/2018
http://cdec.water.ca.gov/reportapp/javareports?name=PAGE6.20180310,3/10/2018
http://cdec.water.ca.gov/reportapp/javareports?name=PAGE6.20180311,3/11/2018
http://cdec.water.ca.gov/reportapp/javareports?name=PAGE6.20180312,3/12/2018
http://cdec.water.ca.gov/reportapp/javareports?name=PAGE6.20180313,3/13/2018
http://cdec.water.ca.gov/reportapp/javareports?name=PAGE6.20180314,3/14/2018
http://cdec.water.ca.gov/reportapp/javareports?name=PAGE6.20180315,3/15/2018
http://cdec.water.ca.gov/reportapp/javareports?name=PAGE6.20180316,3/16/2018
http://cdec.water.ca.gov/reportapp/javareports?name=PAGE6.20180317,3/17/2018
http://cdec.water.ca.gov/reportapp/javareports?name=PAGE6.20180318,3/18/2018
http://cdec.water.ca.gov/reportapp/javareports?name=PAGE6.20180319,3/19/2018
http://cdec.water.ca.gov/reportapp/javareports?name=PAGE6.20180320,3/20/2018
http://cdec.water.ca.gov/reportapp/javareports?name=PAGE6.20180321,3/21/2018
http://cdec.water.ca.gov/reportapp/javareports?name=PAGE6.20180322,3/22/2018
http://cdec.water.ca.gov/reportapp/javareports?name=PAGE6.20180323,3/23/2018
http://cdec.water.ca.gov/reportapp/javareports?name=PAGE6.20180324,3/24/2018
http://cdec.water.ca.gov/reportapp/javareports?name=PAGE6.20180325,3/25/2018
http://cdec.water.ca.gov/reportapp/javareports?name=PAGE6.20180326,3/26/2018
http://cdec.water.ca.gov/reportapp/javareports?name=PAGE6.20180327,3/27/2018
http://cdec.water.ca.gov/reportapp/javareports?name=PAGE6.20180328,3/28/2018
http://cdec.water.ca.gov/reportapp/javareports?name=PAGE6.20180329,3/29/2018
http://cdec.water.ca.gov/reportapp/javareports?name=PAGE6.20180330,3/30/2018
http://cdec.water.ca.gov/reportapp/javareports?name=PAGE6.20180331,3/31/2018
http://cdec.water.ca.gov/reportapp/javareports?name=PAGE6.20180401,4/1/2018
http://cdec.water.ca.gov/reportapp/javareports?name=PAGE6.20180402,4/2/2018
http://cdec.water.ca.gov/reportapp/javareports?name=PAGE6.20180403,4/3/2018
http://cdec.water.ca.gov/reportapp/javareports?name=PAGE6.20180404,4/4/2018
http://cdec.water.ca.gov/reportapp/javareports?name=PAGE6.20180405,4/5/2018
http://cdec.water.ca.gov/reportapp/javareports?name=PAGE6.20180406,4/6/2018
http://cdec.water.ca.gov/reportapp/javareports?name=PAGE6.20180407,4/7/2018
http://cdec.water.ca.gov/reportapp/javareports?name=PAGE6.20180408,4/8/2018
http://cdec.water.ca.gov/reportapp/javareports?name=PAGE6.20180409,4/9/2018
http://cdec.water.ca.gov/reportapp/javareports?name=PAGE6.20180410,4/10/2018
http://cdec.water.ca.gov/reportapp/javareports?name=PAGE6.20180411,4/11/2018
http://cdec.water.ca.gov/reportapp/javareports?name=PAGE6.20180412,4/12/2018
http://cdec.water.ca.gov/reportapp/javareports?name=PAGE6.20180413,4/13/2018
http://cdec.water.ca.gov/reportapp/javareports?name=PAGE6.20180414,4/14/2018
http://cdec.water.ca.gov/reportapp/javareports?name=PAGE6.20180415,4/15/2018
http://cdec.water.ca.gov/reportapp/javareports?name=PAGE6.20180416,4/16/2018
http://cdec.water.ca.gov/reportapp/javareports?name=PAGE6.20180417,4/17/2018
http://cdec.water.ca.gov/reportapp/javareports?name=PAGE6.20180418,4/18/2018
http://cdec.water.ca.gov/reportapp/javareports?name=PAGE6.20180419,4/19/2018
http://cdec.water.ca.gov/reportapp/javareports?name=PAGE6.20180420,4/20/2018
http://cdec.water.ca.gov/reportapp/javareports?name=PAGE6.20180421,4/21/2018
http://cdec.water.ca.gov/reportapp/javareports?name=PAGE6.20180422,4/22/2018
http://cdec.water.ca.gov/reportapp/javareports?name=PAGE6.20180423,4/23/2018
http://cdec.water.ca.gov/reportapp/javareports?name=PAGE6.20180424,4/24/2018
http://cdec.water.ca.gov/reportapp/javareports?name=PAGE6.20180425,4/25/2018
http://cdec.water.ca.gov/reportapp/javareports?name=PAGE6.20180426,4/26/2018
http://cdec.water.ca.gov/reportapp/javareports?name=PAGE6.20180427,4/27/2018
http://cdec.water.ca.gov/reportapp/javareports?name=PAGE6.20180428,4/28/2018
http://cdec.water.ca.gov/reportapp/javareports?name=PAGE6.20180429,4/29/2018
http://cdec.water.ca.gov/reportapp/javareports?name=PAGE6.20180430,4/30/2018
http://cdec.water.ca.gov/reportapp/javareports?name=PAGE6.20180501,5/1/2018
http://cdec.water.ca.gov/reportapp/javareports?name=PAGE6.20180502,5/2/2018
http://cdec.water.ca.gov/reportapp/javareports?name=PAGE6.20180503,5/3/2018
http://cdec.water.ca.gov/reportapp/javareports?name=PAGE6.20180504,5/4/2018
http://cdec.water.ca.gov/reportapp/javareports?name=PAGE6.20180505,5/5/2018
http://cdec.water.ca.gov/reportapp/javareports?name=PAGE6.20180506,5/6/2018
http://cdec.water.ca.gov/reportapp/javareports?name=PAGE6.20180507,5/7/2018
http://cdec.water.ca.gov/reportapp/javareports?name=PAGE6.20180508,5/8/2018
http://cdec.water.ca.gov/reportapp/javareports?name=PAGE6.20180509,5/9/2018
http://cdec.water.ca.gov/reportapp/javareports?name=PAGE6.20180510,5/10/2018
http://cdec.water.ca.gov/reportapp/javareports?name=PAGE6.20180511,5/11/2018
http://cdec.water.ca.gov/reportapp/javareports?name=PAGE6.20180512,5/12/2018
http://cdec.water.ca.gov/reportapp/javareports?name=PAGE6.20180513,5/13/2018
http://cdec.water.ca.gov/reportapp/javareports?name=PAGE6.20180514,5/14/2018
http://cdec.water.ca.gov/reportapp/javareports?name=PAGE6.20180515,5/15/2018
http://cdec.water.ca.gov/reportapp/javareports?name=PAGE6.20180516,5/16/2018
http://cdec.water.ca.gov/reportapp/javareports?name=PAGE6.20180517,5/17/2018
http://cdec.water.ca.gov/reportapp/javareports?name=PAGE6.20180518,5/18/2018
http://cdec.water.ca.gov/reportapp/javareports?name=PAGE6.20180519,5/19/2018
http://cdec.water.ca.gov/reportapp/javareports?name=PAGE6.20180520,5/20/2018
http://cdec.water.ca.gov/reportapp/javareports?name=PAGE6.20180521,5/21/2018
http://cdec.water.ca.gov/reportapp/javareports?name=PAGE6.20180522,5/22/2018
http://cdec.water.ca.gov/reportapp/javareports?name=PAGE6.20180523,5/23/2018
http://cdec.water.ca.gov/reportapp/javareports?name=PAGE6.20180524,5/24/2018
http://cdec.water.ca.gov/reportapp/javareports?name=PAGE6.20180525,5/25/2018
http://cdec.water.ca.gov/reportapp/javareports?name=PAGE6.20180526,5/26/2018
http://cdec.water.ca.gov/reportapp/javareports?name=PAGE6.20180527,5/27/2018
http://cdec.water.ca.gov/reportapp/javareports?name=PAGE6.20180528,5/28/2018
http://cdec.water.ca.gov/reportapp/javareports?name=PAGE6.20180529,5/29/2018
http://cdec.water.ca.gov/reportapp/javareports?name=PAGE6.20180530,5/30/2018
http://cdec.water.ca.gov/reportapp/javareports?name=PAGE6.20180531,5/31/2018
http://cdec.water.ca.gov/reportapp/javareports?name=PAGE6.20180601,6/1/2018
http://cdec.water.ca.gov/reportapp/javareports?name=PAGE6.20180602,6/2/2018
http://cdec.water.ca.gov/reportapp/javareports?name=PAGE6.20180603,6/3/2018
http://cdec.water.ca.gov/reportapp/javareports?name=PAGE6.20180604,6/4/2018
http://cdec.water.ca.gov/reportapp/javareports?name=PAGE6.20180605,6/5/2018
http://cdec.water.ca.gov/reportapp/javareports?name=PAGE6.20180606,6/6/2018
http://cdec.water.ca.gov/reportapp/javareports?name=PAGE6.20180607,6/7/2018
http://cdec.water.ca.gov/reportapp/javareports?name=PAGE6.20180608,6/8/2018
http://cdec.water.ca.gov/reportapp/javareports?name=PAGE6.20180609,6/9/2018
http://cdec.water.ca.gov/reportapp/javareports?name=PAGE6.20180610,6/10/2018
http://cdec.water.ca.gov/reportapp/javareports?name=PAGE6.20180611,6/11/2018
http://cdec.water.ca.gov/reportapp/javareports?name=PAGE6.20180612,6/12/2018
http://cdec.water.ca.gov/reportapp/javareports?name=PAGE6.20180613,6/13/2018
http://cdec.water.ca.gov/reportapp/javareports?name=PAGE6.20180614,6/14/2018
http://cdec.water.ca.gov/reportapp/javareports?name=PAGE6.20180801,8/1/2018
http://cdec.water.ca.gov/reportapp/javareports?name=PAGE6.20181127,11/27/2018
http://cdec.water.ca.gov/reportapp/javareports?name=PAGE6.20181128,11/28/2018
http://cdec.water.ca.gov/reportapp/javareports?name=PAGE6.20181129,11/29/2018
http://cdec.water.ca.gov/reportapp/javareports?name=PAGE6.20181130,11/30/2018
http://cdec.water.ca.gov/reportapp/javareports?name=PAGE6.20181201,12/1/2018
http://cdec.water.ca.gov/reportapp/javareports?name=PAGE6.20181202,12/2/2018
http://cdec.water.ca.gov/reportapp/javareports?name=PAGE6.20181203,12/3/2018
http://cdec.water.ca.gov/reportapp/javareports?name=PAGE6.20181204,12/4/2018
http://cdec.water.ca.gov/reportapp/javareports?name=PAGE6.20181205,12/5/2018
http://cdec.water.ca.gov/reportapp/javareports?name=PAGE6.20181206,12/6/2018
http://cdec.water.ca.gov/reportapp/javareports?name=PAGE6.20181207,12/7/2018
http://cdec.water.ca.gov/reportapp/javareports?name=PAGE6.20181208,12/8/2018
http://cdec.water.ca.gov/reportapp/javareports?name=PAGE6.20181209,12/9/2018
http://cdec.water.ca.gov/reportapp/javareports?name=PAGE6.20181210,12/10/2018
http://cdec.water.ca.gov/reportapp/javareports?name=PAGE6.20181211,12/11/2018
http://cdec.water.ca.gov/reportapp/javareports?name=PAGE6.20181212,12/12/2018
http://cdec.water.ca.gov/reportapp/javareports?name=PAGE6.20181213,12/13/2018
http://cdec.water.ca.gov/reportapp/javareports?name=PAGE6.20181214,12/14/2018
http://cdec.water.ca.gov/reportapp/javareports?name=PAGE6.20181215,12/15/2018
http://cdec.water.ca.gov/reportapp/javareports?name=PAGE6.20181216,12/16/2018
http://cdec.water.ca.gov/reportapp/javareports?name=PAGE6.20181217,12/17/2018
http://cdec.water.ca.gov/reportapp/javareports?name=PAGE6.20181218,12/18/2018
http://cdec.water.ca.gov/reportapp/javareports?name=PAGE6.20181219,12/19/2018
http://cdec.water.ca.gov/reportapp/javareports?name=PAGE6.20181220,12/20/2018
http://cdec.water.ca.gov/reportapp/javareports?name=PAGE6.20181221,12/21/2018
http://cdec.water.ca.gov/reportapp/javareports?name=PAGE6.20181222,12/22/2018
http://cdec.water.ca.gov/reportapp/javareports?name=PAGE6.20181223,12/23/2018
http://cdec.water.ca.gov/reportapp/javareports?name=PAGE6.20181224,12/24/2018
http://cdec.water.ca.gov/reportapp/javareports?name=PAGE6.20181225,12/25/2018
http://cdec.water.ca.gov/reportapp/javareports?name=PAGE6.20181226,12/26/2018
http://cdec.water.ca.gov/reportapp/javareports?name=PAGE6.20181227,12/27/2018
http://cdec.water.ca.gov/reportapp/javareports?name=PAGE6.20181228,12/28/2018
http://cdec.water.ca.gov/reportapp/javareports?name=PAGE6.20181229,12/29/2018
http://cdec.water.ca.gov/reportapp/javareports?name=PAGE6.20181230,12/30/2018
http://cdec.water.ca.gov/reportapp/javareports?name=PAGE6.20181231,12/31/2018
http://cdec.water.ca.gov/reportapp/javareports?name=PAGE6.20190101,1/1/2019
http://cdec.water.ca.gov/reportapp/javareports?name=PAGE6.20190102,1/2/2019
http://cdec.water.ca.gov/reportapp/javareports?name=PAGE6.20190103,1/3/2019
http://cdec.water.ca.gov/reportapp/javareports?name=PAGE6.20190104,1/4/2019
http://cdec.water.ca.gov/reportapp/javareports?name=PAGE6.20190105,1/5/2019
http://cdec.water.ca.gov/reportapp/javareports?name=PAGE6.20190106,1/6/2019
http://cdec.water.ca.gov/reportapp/javareports?name=PAGE6.20190107,1/7/2019
http://cdec.water.ca.gov/reportapp/javareports?name=PAGE6.20190108,1/8/2019
http://cdec.water.ca.gov/reportapp/javareports?name=PAGE6.20190109,1/9/2019
http://cdec.water.ca.gov/reportapp/javareports?name=PAGE6.20190110,1/10/2019
http://cdec.water.ca.gov/reportapp/javareports?name=PAGE6.20190111,1/11/2019
http://cdec.water.ca.gov/reportapp/javareports?name=PAGE6.20190112,1/12/2019
http://cdec.water.ca.gov/reportapp/javareports?name=PAGE6.20190113,1/13/2019
http://cdec.water.ca.gov/reportapp/javareports?name=PAGE6.20190114,1/14/2019
http://cdec.water.ca.gov/reportapp/javareports?name=PAGE6.20190115,1/15/2019
http://cdec.water.ca.gov/reportapp/javareports?name=PAGE6.20190116,1/16/2019
http://cdec.water.ca.gov/reportapp/javareports?name=PAGE6.20190117,1/17/2019
http://cdec.water.ca.gov/reportapp/javareports?name=PAGE6.20190118,1/18/2019
http://cdec.water.ca.gov/reportapp/javareports?name=PAGE6.20190119,1/19/2019
http://cdec.water.ca.gov/reportapp/javareports?name=PAGE6.20190120,1/20/2019
http://cdec.water.ca.gov/reportapp/javareports?name=PAGE6.20190121,1/21/2019
http://cdec.water.ca.gov/reportapp/javareports?name=PAGE6.20190122,1/22/2019
http://cdec.water.ca.gov/reportapp/javareports?name=PAGE6.20190123,1/23/2019
http://cdec.water.ca.gov/reportapp/javareports?name=PAGE6.20190124,1/24/2019
http://cdec.water.ca.gov/reportapp/javareports?name=PAGE6.20190125,1/25/2019
http://cdec.water.ca.gov/reportapp/javareports?name=PAGE6.20190126,1/26/2019
http://cdec.water.ca.gov/reportapp/javareports?name=PAGE6.20190127,1/27/2019
http://cdec.water.ca.gov/reportapp/javareports?name=PAGE6.20190128,1/28/2019
http://cdec.water.ca.gov/reportapp/javareports?name=PAGE6.20190129,1/29/2019
http://cdec.water.ca.gov/reportapp/javareports?name=PAGE6.20190130,1/30/2019
http://cdec.water.ca.gov/reportapp/javareports?name=PAGE6.20190131,1/31/2019
http://cdec.water.ca.gov/reportapp/javareports?name=PAGE6.20190201,2/1/2019
http://cdec.water.ca.gov/reportapp/javareports?name=PAGE6.20190202,2/2/2019
http://cdec.water.ca.gov/reportapp/javareports?name=PAGE6.20190203,2/3/2019
http://cdec.water.ca.gov/reportapp/javareports?name=PAGE6.20190204,2/4/2019
http://cdec.water.ca.gov/reportapp/javareports?name=PAGE6.20190205,2/5/2019
http://cdec.water.ca.gov/reportapp/javareports?name=PAGE6.20190206,2/6/2019
http://cdec.water.ca.gov/reportapp/javareports?name=PAGE6.20190207,2/7/2019
http://cdec.water.ca.gov/reportapp/javareports?name=PAGE6.20190208,2/8/2019
http://cdec.water.ca.gov/reportapp/javareports?name=PAGE6.20190209,2/9/2019
http://cdec.water.ca.gov/reportapp/javareports?name=PAGE6.20190210,2/10/2019
http://cdec.water.ca.gov/reportapp/javareports?name=PAGE6.20190211,2/11/2019
http://cdec.water.ca.gov/reportapp/javareports?name=PAGE6.20190212,2/12/2019
http://cdec.water.ca.gov/reportapp/javareports?name=PAGE6.20190213,2/13/2019
http://cdec.water.ca.gov/reportapp/javareports?name=PAGE6.20190214,2/14/2019
http://cdec.water.ca.gov/reportapp/javareports?name=PAGE6.20190215,2/15/2019
http://cdec.water.ca.gov/reportapp/javareports?name=PAGE6.20190216,2/16/2019
http://cdec.water.ca.gov/reportapp/javareports?name=PAGE6.20190217,2/17/2019
http://cdec.water.ca.gov/reportapp/javareports?name=PAGE6.20190218,2/18/2019
http://cdec.water.ca.gov/reportapp/javareports?name=PAGE6.20190219,2/19/2019
http://cdec.water.ca.gov/reportapp/javareports?name=PAGE6.20190220,2/20/2019
http://cdec.water.ca.gov/reportapp/javareports?name=PAGE6.20190221,2/21/2019
http://cdec.water.ca.gov/reportapp/javareports?name=PAGE6.20190222,2/22/2019
http://cdec.water.ca.gov/reportapp/javareports?name=PAGE6.20190223,2/23/2019
http://cdec.water.ca.gov/reportapp/javareports?name=PAGE6.20190224,2/24/2019
http://cdec.water.ca.gov/reportapp/javareports?name=PAGE6.20190225,2/25/2019
http://cdec.water.ca.gov/reportapp/javareports?name=PAGE6.20190226,2/26/2019
http://cdec.water.ca.gov/reportapp/javareports?name=PAGE6.20190227,2/27/2019
http://cdec.water.ca.gov/reportapp/javareports?name=PAGE6.20190228,2/28/2019
http://cdec.water.ca.gov/reportapp/javareports?name=PAGE6.20190301,3/1/2019
http://cdec.water.ca.gov/reportapp/javareports?name=PAGE6.20190302,3/2/2019
http://cdec.water.ca.gov/reportapp/javareports?name=PAGE6.20190303,3/3/2019
http://cdec.water.ca.gov/reportapp/javareports?name=PAGE6.20190304,3/4/2019
http://cdec.water.ca.gov/reportapp/javareports?name=PAGE6.20190305,3/5/2019
http://cdec.water.ca.gov/reportapp/javareports?name=PAGE6.20190306,3/6/2019
http://cdec.water.ca.gov/reportapp/javareports?name=PAGE6.20190307,3/7/2019
http://cdec.water.ca.gov/reportapp/javareports?name=PAGE6.20190308,3/8/2019
http://cdec.water.ca.gov/reportapp/javareports?name=PAGE6.20190309,3/9/2019
http://cdec.water.ca.gov/reportapp/javareports?name=PAGE6.20190310,3/10/2019
http://cdec.water.ca.gov/reportapp/javareports?name=PAGE6.20190311,3/11/2019
http://cdec.water.ca.gov/reportapp/javareports?name=PAGE6.20190312,3/12/2019
http://cdec.water.ca.gov/reportapp/javareports?name=PAGE6.20190313,3/13/2019
http://cdec.water.ca.gov/reportapp/javareports?name=PAGE6.20190314,3/14/2019
http://cdec.water.ca.gov/reportapp/javareports?name=PAGE6.20190315,3/15/2019
http://cdec.water.ca.gov/reportapp/javareports?name=PAGE6.20190316,3/16/2019
http://cdec.water.ca.gov/reportapp/javareports?name=PAGE6.20190317,3/17/2019
http://cdec.water.ca.gov/reportapp/javareports?name=PAGE6.20190318,3/18/2019
http://cdec.water.ca.gov/reportapp/javareports?name=PAGE6.20190319,3/19/2019
http://cdec.water.ca.gov/reportapp/javareports?name=PAGE6.20190320,3/20/2019
http://cdec.water.ca.gov/reportapp/javareports?name=PAGE6.20190321,3/21/2019
http://cdec.water.ca.gov/reportapp/javareports?name=PAGE6.20190322,3/22/2019
http://cdec.water.ca.gov/reportapp/javareports?name=PAGE6.20190323,3/23/2019
http://cdec.water.ca.gov/reportapp/javareports?name=PAGE6.20190324,3/24/2019
http://cdec.water.ca.gov/reportapp/javareports?name=PAGE6.20190325,3/25/2019
http://cdec.water.ca.gov/reportapp/javareports?name=PAGE6.20190326,3/26/2019
http://cdec.water.ca.gov/reportapp/javareports?name=PAGE6.20190327,3/27/2019
http://cdec.water.ca.gov/reportapp/javareports?name=PAGE6.20190328,3/28/2019
http://cdec.water.ca.gov/reportapp/javareports?name=PAGE6.20190329,3/29/2019
http://cdec.water.ca.gov/reportapp/javareports?name=PAGE6.20190330,3/30/2019
http://cdec.water.ca.gov/reportapp/javareports?name=PAGE6.20190401,4/1/2019
http://cdec.water.ca.gov/reportapp/javareports?name=PAGE6.20190402,4/2/2019
http://cdec.water.ca.gov/reportapp/javareports?name=PAGE6.20190403,4/3/2019
http://cdec.water.ca.gov/reportapp/javareports?name=PAGE6.20190404,4/4/2019
http://cdec.water.ca.gov/reportapp/javareports?name=PAGE6.20190405,4/5/2019
http://cdec.water.ca.gov/reportapp/javareports?name=PAGE6.20190406,4/6/2019
http://cdec.water.ca.gov/reportapp/javareports?name=PAGE6.20190407,4/7/2019
http://cdec.water.ca.gov/reportapp/javareports?name=PAGE6.20190408,4/8/2019
http://cdec.water.ca.gov/reportapp/javareports?name=PAGE6.20190409,4/9/2019
http://cdec.water.ca.gov/reportapp/javareports?name=PAGE6.20190410,4/10/2019
http://cdec.water.ca.gov/reportapp/javareports?name=PAGE6.20190411,4/11/2019
http://cdec.water.ca.gov/reportapp/javareports?name=PAGE6.20190412,4/12/2019
http://cdec.water.ca.gov/reportapp/javareports?name=PAGE6.20190413,4/13/2019
http://cdec.water.ca.gov/reportapp/javareports?name=PAGE6.20190414,4/14/2019
http://cdec.water.ca.gov/reportapp/javareports?name=PAGE6.20190415,4/15/2019
http://cdec.water.ca.gov/reportapp/javareports?name=PAGE6.20190416,4/16/2019
http://cdec.water.ca.gov/reportapp/javareports?name=PAGE6.20190417,4/17/2019
http://cdec.water.ca.gov/reportapp/javareports?name=PAGE6.20190418,4/18/2019
http://cdec.water.ca.gov/reportapp/javareports?name=PAGE6.20190419,4/19/2019
http://cdec.water.ca.gov/reportapp/javareports?name=PAGE6.20190420,4/20/2019
http://cdec.water.ca.gov/reportapp/javareports?name=PAGE6.20190421,4/21/2019
http://cdec.water.ca.gov/reportapp/javareports?name=PAGE6.20190422,4/22/2019
http://cdec.water.ca.gov/reportapp/javareports?name=PAGE6.20190423,4/23/2019
http://cdec.water.ca.gov/reportapp/javareports?name=PAGE6.20190424,4/24/2019
http://cdec.water.ca.gov/reportapp/javareports?name=PAGE6.20190425,4/25/2019
http://cdec.water.ca.gov/reportapp/javareports?name=PAGE6.20190426,4/26/2019
http://cdec.water.ca.gov/reportapp/javareports?name=PAGE6.20190427,4/27/2019
http://cdec.water.ca.gov/reportapp/javareports?name=PAGE6.20190428,4/28/2019
http://cdec.water.ca.gov/reportapp/javareports?name=PAGE6.20190429,4/29/2019
http://cdec.water.ca.gov/reportapp/javareports?name=PAGE6.20190430,4/30/2019
http://cdec.water.ca.gov/reportapp/javareports?name=PAGE6.20190501,5/1/2019
http://cdec.water.ca.gov/reportapp/javareports?name=PAGE6.20190502,5/2/2019
http://cdec.water.ca.gov/reportapp/javareports?name=PAGE6.20190503,5/3/2019
http://cdec.water.ca.gov/reportapp/javareports?name=PAGE6.20190504,5/4/2019
http://cdec.water.ca.gov/reportapp/javareports?name=PAGE6.20190505,5/5/2019
http://cdec.water.ca.gov/reportapp/javareports?name=PAGE6.20190506,5/6/2019
http://cdec.water.ca.gov/reportapp/javareports?name=PAGE6.20190507,5/7/2019
http://cdec.water.ca.gov/reportapp/javareports?name=PAGE6.20190508,5/8/2019
http://cdec.water.ca.gov/reportapp/javareports?name=PAGE6.20190509,5/9/2019
http://cdec.water.ca.gov/reportapp/javareports?name=PAGE6.20190510,5/10/2019
http://cdec.water.ca.gov/reportapp/javareports?name=PAGE6.20190511,5/11/2019
http://cdec.water.ca.gov/reportapp/javareports?name=PAGE6.20190512,5/12/2019
http://cdec.water.ca.gov/reportapp/javareports?name=PAGE6.20190513,5/13/2019
http://cdec.water.ca.gov/reportapp/javareports?name=PAGE6.20190514,5/14/2019
http://cdec.water.ca.gov/reportapp/javareports?name=PAGE6.20190515,5/15/2019
http://cdec.water.ca.gov/reportapp/javareports?name=PAGE6.20190516,5/16/2019
http://cdec.water.ca.gov/reportapp/javareports?name=PAGE6.20190517,5/17/2019
http://cdec.water.ca.gov/reportapp/javareports?name=PAGE6.20190518,5/18/2019
http://cdec.water.ca.gov/reportapp/javareports?name=PAGE6.20190519,5/19/2019
http://cdec.water.ca.gov/reportapp/javareports?name=PAGE6.20190520,5/20/2019
http://cdec.water.ca.gov/reportapp/javareports?name=PAGE6.20190521,5/21/2019
http://cdec.water.ca.gov/reportapp/javareports?name=PAGE6.20190522,5/22/2019
http://cdec.water.ca.gov/reportapp/javareports?name=PAGE6.20190523,5/23/2019
http://cdec.water.ca.gov/reportapp/javareports?name=PAGE6.20190524,5/24/2019
http://cdec.water.ca.gov/reportapp/javareports?name=PAGE6.20190525,5/25/2019
http://cdec.water.ca.gov/reportapp/javareports?name=PAGE6.20190526,5/26/2019
http://cdec.water.ca.gov/reportapp/javareports?name=PAGE6.20190527,5/27/2019
http://cdec.water.ca.gov/reportapp/javareports?name=PAGE6.20190528,5/28/2019
http://cdec.water.ca.gov/reportapp/javareports?name=PAGE6.20190529,5/29/2019
http://cdec.water.ca.gov/reportapp/javareports?name=PAGE6.20190530,5/30/2019
http://cdec.water.ca.gov/reportapp/javareports?name=PAGE6.20190601,6/1/2019
http://cdec.water.ca.gov/reportapp/javareports?name=PAGE6.20190602,6/2/2019
http://cdec.water.ca.gov/reportapp/javareports?name=PAGE6.20190603,6/3/2019
http://cdec.water.ca.gov/reportapp/javareports?name=PAGE6.20190604,6/4/2019
http://cdec.water.ca.gov/reportapp/javareports?name=PAGE6.20190605,6/5/2019
http://cdec.water.ca.gov/reportapp/javareports?name=PAGE6.20190606,6/6/2019
http://cdec.water.ca.gov/reportapp/javareports?name=PAGE6.20190607,6/7/2019
http://cdec.water.ca.gov/reportapp/javareports?name=PAGE6.20190608,6/8/2019
http://cdec.water.ca.gov/reportapp/javareports?name=PAGE6.20190609,6/9/2019
http://cdec.water.ca.gov/reportapp/javareports?name=PAGE6.20190610,6/10/2019
http://cdec.water.ca.gov/reportapp/javareports?name=PAGE6.20190611,6/11/2019
http://cdec.water.ca.gov/reportapp/javareports?name=PAGE6.20190612,6/12/2019
http://cdec.water.ca.gov/reportapp/javareports?name=PAGE6.20190613,6/13/2019
http://cdec.water.ca.gov/reportapp/javareports?name=PAGE6.20190614,6/14/2019
http://cdec.water.ca.gov/reportapp/javareports?name=PAGE6.20190615,6/15/2019
http://cdec.water.ca.gov/reportapp/javareports?name=PAGE6.20190616,6/16/2019
http://cdec.water.ca.gov/reportapp/javareports?name=PAGE6.20190617,6/17/2019
http://cdec.water.ca.gov/reportapp/javareports?name=PAGE6.20190618,6/18/2019
http://cdec.water.ca.gov/reportapp/javareports?name=PAGE6.20190619,6/19/2019
http://cdec.water.ca.gov/reportapp/javareports?name=PAGE6.20190620,6/20/2019
http://cdec.water.ca.gov/reportapp/javareports?name=PAGE6.20190621,6/21/2019
http://cdec.water.ca.gov/reportapp/javareports?name=PAGE6.20190622,6/22/2019
http://cdec.water.ca.gov/reportapp/javareports?name=PAGE6.20190623,6/23/2019
http://cdec.water.ca.gov/reportapp/javareports?name=PAGE6.20190624,6/24/2019
http://cdec.water.ca.gov/reportapp/javareports?name=PAGE6.20190625,6/25/2019
http://cdec.water.ca.gov/reportapp/javareports?name=PAGE6.20190626,6/26/2019
http://cdec.water.ca.gov/reportapp/javareports?name=PAGE6.20190627,6/27/2019
http://cdec.water.ca.gov/reportapp/javareports?name=PAGE6.20190628,6/28/2019
http://cdec.water.ca.gov/reportapp/javareports?name=PAGE6.20190629,6/29/2019
http://cdec.water.ca.gov/reportapp/javareports?name=PAGE6.20190630,6/30/2019
http://cdec.water.ca.gov/reportapp/javareports?name=PAGE6.20190701,7/1/2019
http://cdec.water.ca.gov/reportapp/javareports?name=PAGE6.20190702,7/2/2019
http://cdec.water.ca.gov/reportapp/javareports?name=PAGE6.20190703,7/3/2019
http://cdec.water.ca.gov/reportapp/javareports?name=PAGE6.20190704,7/4/2019
http://cdec.water.ca.gov/reportapp/javareports?name=PAGE6.20190705,7/5/2019
http://cdec.water.ca.gov/reportapp/javareports?name=PAGE6.20190706,7/6/2019
http://cdec.water.ca.gov/reportapp/javareports?name=PAGE6.20190707,7/7/2019
http://cdec.water.ca.gov/reportapp/javareports?name=PAGE6.20190708,7/8/2019
http://cdec.water.ca.gov/reportapp/javareports?name=PAGE6.20190709,7/9/2019
http://cdec.water.ca.gov/reportapp/javareports?name=PAGE6.20190710,7/10/2019
http://cdec.water.ca.gov/reportapp/javareports?name=PAGE6.20190711,7/11/2019
http://cdec.water.ca.gov/reportapp/javareports?name=PAGE6.20190712,7/12/2019
http://cdec.water.ca.gov/reportapp/javareports?name=PAGE6.20190713,7/13/2019
http://cdec.water.ca.gov/reportapp/javareports?name=PAGE6.20190714,7/14/2019
http://cdec.water.ca.gov/reportapp/javareports?name=PAGE6.20190715,7/15/2019
http://cdec.water.ca.gov/reportapp/javareports?name=PAGE6.20190716,7/16/2019
http://cdec.water.ca.gov/reportapp/javareports?name=PAGE6.20191119,11/19/2019
http://cdec.water.ca.gov/reportapp/javareports?name=PAGE6.20191126,11/26/2019
http://cdec.water.ca.gov/reportapp/javareports?name=PAGE6.20191127,11/27/2019
http://cdec.water.ca.gov/reportapp/javareports?name=PAGE6.20191128,11/28/2019
http://cdec.water.ca.gov/reportapp/javareports?name=PAGE6.20191129,11/29/2019
http://cdec.water.ca.gov/reportapp/javareports?name=PAGE6.20191130,11/30/2019
http://cdec.water.ca.gov/reportapp/javareports?name=PAGE6.20191201,12/1/2019
http://cdec.water.ca.gov/reportapp/javareports?name=PAGE6.20191202,12/2/2019
http://cdec.water.ca.gov/reportapp/javareports?name=PAGE6.20191203,12/3/2019
http://cdec.water.ca.gov/reportapp/javareports?name=PAGE6.20191204,12/4/2019
http://cdec.water.ca.gov/reportapp/javareports?name=PAGE6.20191205,12/5/2019
http://cdec.water.ca.gov/reportapp/javareports?name=PAGE6.20191206,12/6/2019
http://cdec.water.ca.gov/reportapp/javareports?name=PAGE6.20191207,12/7/2019
http://cdec.water.ca.gov/reportapp/javareports?name=PAGE6.20191208,12/8/2019
http://cdec.water.ca.gov/reportapp/javareports?name=PAGE6.20191209,12/9/2019
http://cdec.water.ca.gov/reportapp/javareports?name=PAGE6.20191212,12/12/2019
http://cdec.water.ca.gov/reportapp/javareports?name=PAGE6.20191213,12/13/2019
http://cdec.water.ca.gov/reportapp/javareports?name=PAGE6.20191214,12/14/2019
http://cdec.water.ca.gov/reportapp/javareports?name=PAGE6.20191215,12/15/2019
http://cdec.water.ca.gov/reportapp/javareports?name=PAGE6.20191216,12/16/2019
http://cdec.water.ca.gov/reportapp/javareports?name=PAGE6.20191217,12/17/2019
http://cdec.water.ca.gov/reportapp/javareports?name=PAGE6.20191218,12/18/2019
http://cdec.water.ca.gov/reportapp/javareports?name=PAGE6.20191219,12/19/2019
http://cdec.water.ca.gov/reportapp/javareports?name=PAGE6.20191220,12/20/2019
http://cdec.water.ca.gov/reportapp/javareports?name=PAGE6.20191221,12/21/2019
http://cdec.water.ca.gov/reportapp/javareports?name=PAGE6.20191222,12/22/2019
http://cdec.water.ca.gov/reportapp/javareports?name=PAGE6.20191223,12/23/2019
http://cdec.water.ca.gov/reportapp/javareports?name=PAGE6.20191224,12/24/2019
http://cdec.water.ca.gov/reportapp/javareports?name=PAGE6.20191225,12/25/2019
http://cdec.water.ca.gov/reportapp/javareports?name=PAGE6.20191226,12/26/2019
http://cdec.water.ca.gov/reportapp/javareports?name=PAGE6.20191227,12/27/2019
http://cdec.water.ca.gov/reportapp/javareports?name=PAGE6.20191228,12/28/2019
http://cdec.water.ca.gov/reportapp/javareports?name=PAGE6.20191229,12/29/2019
http://cdec.water.ca.gov/reportapp/javareports?name=PAGE6.20191230,12/30/2019
http://cdec.water.ca.gov/reportapp/javareports?name=PAGE6.20191231,12/31/2019
http://cdec.water.ca.gov/reportapp/javareports?name=PAGE6.20200102,1/2/2020
http://cdec.water.ca.gov/reportapp/javareports?name=PAGE6.20200103,1/3/2020
http://cdec.water.ca.gov/reportapp/javareports?name=PAGE6.20200104,1/4/2020
http://cdec.water.ca.gov/reportapp/javareports?name=PAGE6.20200105,1/5/2020
http://cdec.water.ca.gov/reportapp/javareports?name=PAGE6.20200106,1/6/2020
http://cdec.water.ca.gov/reportapp/javareports?name=PAGE6.20200107,1/7/2020
http://cdec.water.ca.gov/reportapp/javareports?name=PAGE6.20200108,1/8/2020
